URL,Method,Header,Status,Size
https://example.site/admin,GET,None,404,1251
https://example.site/admin,GET,X-Original-URL,404,1251
https://example.site/admin,GET,X-Custom-IP-Authorization,404,1251
https://example.site/admin,GET,X-Forwarded-For,404,1251
https://example.site/admin,GET,X-Forwarded-For,404,1251
https://example.site/admin,GET,X-rewrite-url,404,1251
https://example.site/admin,GET,X-Host,404,1251
https://example.site/admin,GET,X-Forwarded-Host,404,1251
https://example.site/admin,POST,None,404,1251
https://example.site/admin,POST,X-Original-URL,404,1251
https://example.site/admin,POST,X-Custom-IP-Authorization,404,1251
https://example.site/admin,POST,X-Forwarded-For,404,1251
https://example.site/admin,POST,X-Forwarded-For,404,1251
https://example.site/admin,POST,X-rewrite-url,404,1251
https://example.site/admin,POST,X-Host,404,1251
https://example.site/admin,POST,X-Forwarded-Host,404,1251
https://example.site/admin,TRACE,None,404,1251
https://example.site/admin,TRACE,X-Original-URL,404,1251
https://example.site/admin,TRACE,X-Custom-IP-Authorization,404,1251
https://example.site/admin,TRACE,X-Forwarded-For,404,1251
https://example.site/admin,TRACE,X-Forwarded-For,404,1251
https://example.site/admin,TRACE,X-rewrite-url,404,1251
https://example.site/admin,TRACE,X-Host,404,1251
https://example.site/admin,TRACE,X-Forwarded-Host,404,1251
https://example.site/admin/%2e,GET,None,404,1251
https://example.site/admin/%2e,GET,X-Original-URL,404,1251
https://example.site/admin/%2e,GET,X-Custom-IP-Authorization,404,1251
https://example.site/admin/%2e,GET,X-Forwarded-For,404,1251
https://example.site/admin/%2e,GET,X-Forwarded-For,404,1251
https://example.site/admin/%2e,GET,X-rewrite-url,404,1251
https://example.site/admin/%2e,GET,X-Host,404,1251
https://example.site/admin/%2e,GET,X-Forwarded-Host,404,1251
https://example.site/admin/%2e,POST,None,404,1251
https://example.site/admin/%2e,POST,X-Original-URL,404,1251
https://example.site/admin/%2e,POST,X-Custom-IP-Authorization,404,1251
https://example.site/admin/%2e,POST,X-Forwarded-For,404,1251
https://example.site/admin/%2e,POST,X-Forwarded-For,404,1251
https://example.site/admin/%2e,POST,X-rewrite-url,404,1251
https://example.site/admin/%2e,POST,X-Host,404,1251
https://example.site/admin/%2e,POST,X-Forwarded-Host,404,1251
https://example.site/admin/%2e,TRACE,None,404,1251
https://example.site/admin/%2e,TRACE,X-Original-URL,404,1251
https://example.site/admin/%2e,TRACE,X-Custom-IP-Authorization,404,1251
https://example.site/admin/%2e,TRACE,X-Forwarded-For,404,1251
https://example.site/admin/%2e,TRACE,X-Forwarded-For,404,1251
https://example.site/admin/%2e,TRACE,X-rewrite-url,404,1251
https://example.site/admin/%2e,TRACE,X-Host,404,1251
https://example.site/admin/%2e,TRACE,X-Forwarded-Host,404,1251
https://example.site/admin/,GET,None,404,1251
https://example.site/admin/,GET,X-Original-URL,404,1251
https://example.site/admin/,GET,X-Custom-IP-Authorization,404,1251
https://example.site/admin/,GET,X-Forwarded-For,404,1251
https://example.site/admin/,GET,X-Forwarded-For,404,1251
https://example.site/admin/,GET,X-rewrite-url,404,1251
https://example.site/admin/,GET,X-Host,404,1251
https://example.site/admin/,GET,X-Forwarded-Host,404,1251
https://example.site/admin/,POST,None,404,1251
https://example.site/admin/,POST,X-Original-URL,404,1251
https://example.site/admin/,POST,X-Custom-IP-Authorization,404,1251
https://example.site/admin/,POST,X-Forwarded-For,404,1251
https://example.site/admin/,POST,X-Forwarded-For,404,1251
https://example.site/admin/,POST,X-rewrite-url,404,1251
https://example.site/admin/,POST,X-Host,404,1251
https://example.site/admin/,POST,X-Forwarded-Host,404,1251
https://example.site/admin/,TRACE,None,404,1251
https://example.site/admin/,TRACE,X-Original-URL,404,1251
https://example.site/admin/,TRACE,X-Custom-IP-Authorization,404,1251
https://example.site/admin/,TRACE,X-Forwarded-For,404,1251
https://example.site/admin/,TRACE,X-Forwarded-For,404,1251
https://example.site/admin/,TRACE,X-rewrite-url,404,1251
https://example.site/admin/,TRACE,X-Host,404,1251
https://example.site/admin/,TRACE,X-Forwarded-Host,404,1251
https://example.site/admin//,GET,None,404,1251
https://example.site/admin//,GET,X-Original-URL,404,1251
https://example.site/admin//,GET,X-Custom-IP-Authorization,404,1251
https://example.site/admin//,GET,X-Forwarded-For,404,1251
https://example.site/admin//,GET,X-Forwarded-For,404,1251
https://example.site/admin//,GET,X-rewrite-url,404,1251
https://example.site/admin//,GET,X-Host,404,1251
https://example.site/admin//,GET,X-Forwarded-Host,404,1251
